,CHB,CEU,YRI
CHB,0.0,0.03777848098726999,0.10650996344946642
CEU,0.03777848098726999,0.0,0.07421576350384232
YRI,0.10650996344946642,0.07421576350384232,0.0
