,CHB,YRI,CEU
CHB,0.0,0.10650996344946642,0.03777848098726999
YRI,0.10650996344946642,0.0,0.07421576350384232
CEU,0.03777848098726999,0.07421576350384232,0.0
