Population,Expected_Heterozygosity,Sample_Count
CHB,0.0299252125,2000
CEU,0.0298038425,2000
YRI,0.050018305,2000
